{
  "RandomForest": {
    "model_name": "RandomForest",
    "metrics": {
      "accuracy": 1.0,
      "precision": 1.0,
      "recall": 1.0,
      "f1": 1.0,
      "roc_auc": 1.0
    },
    "confusion_matrix": [
      [
        18,
        0
      ],
      [
        0,
        9
      ]
    ],
    "predictions": [
      1,
      1,
      1,
      1,
      1,
      1,
      1,
      1,
      1,
      0,
      0,
      0,
      0,
      0,
      0,
      0,
      0,
      0,
      0,
      0,
      0,
      0,
      0,
      0,
      0,
      0,
      0
    ],
    "probabilities": [
      [
        0.14,
        0.86
      ],
      [
        0.11,
        0.89
      ],
      [
        0.21,
        0.79
      ],
      [
        0.16,
        0.84
      ],
      [
        0.13,
        0.87
      ],
      [
        0.16,
        0.84
      ],
      [
        0.18,
        0.82
      ],
      [
        0.13,
        0.87
      ],
      [
        0.38,
        0.62
      ],
      [
        0.81,
        0.19
      ],
      [
        1.0,
        0.0
      ],
      [
        1.0,
        0.0
      ],
      [
        1.0,
        0.0
      ],
      [
        1.0,
        0.0
      ],
      [
        0.94,
        0.06
      ],
      [
        0.94,
        0.06
      ],
      [
        0.99,
        0.01
      ],
      [
        1.0,
        0.0
      ],
      [
        0.99,
        0.01
      ],
      [
        0.96,
        0.04
      ],
      [
        0.94,
        0.06
      ],
      [
        1.0,
        0.0
      ],
      [
        0.99,
        0.01
      ],
      [
        0.94,
        0.06
      ],
      [
        0.98,
        0.02
      ],
      [
        0.98,
        0.02
      ],
      [
        0.97,
        0.03
      ]
    ]
  },
  "IsolationForest": {
    "model_name": "IsolationForest",
    "metrics": {
      "accuracy": 0.14814814814814814,
      "precision": 0.06060606060606061,
      "recall": 0.14814814814814814,
      "f1": 0.08602150537634408
    },
    "confusion_matrix": [
      [
        0,
        0,
        0
      ],
      [
        0,
        0,
        18
      ],
      [
        5,
        0,
        4
      ]
    ],
    "predictions": [
      1,
      1,
      -1,
      -1,
      -1,
      1,
      -1,
      -1,
      1,
      1,
      1,
      1,
      1,
      1,
      1,
      1,
      1,
      1,
      1,
      1,
      1,
      1,
      1,
      1,
      1,
      1,
      1
    ],
    "probabilities": null
  },
  "OneClassSVM": {
    "model_name": "OneClassSVM",
    "metrics": {
      "accuracy": 0.0,
      "precision": 0.0,
      "recall": 0.0,
      "f1": 0.0
    },
    "confusion_matrix": [
      [
        0,
        0,
        0
      ],
      [
        8,
        0,
        10
      ],
      [
        9,
        0,
        0
      ]
    ],
    "predictions": [
      -1,
      -1,
      -1,
      -1,
      -1,
      -1,
      -1,
      -1,
      -1,
      -1,
      1,
      1,
      1,
      1,
      1,
      -1,
      1,
      1,
      1,
      -1,
      -1,
      -1,
      1,
      -1,
      -1,
      1,
      -1
    ],
    "probabilities": null
  },
  "Autoencoder": {
    "model_name": "Autoencoder",
    "reconstruction_error": [
      1.9082672595977783,
      1.7414484024047852,
      2.513496160507202,
      2.1127219200134277,
      2.5268609523773193,
      2.624965190887451,
      3.055671215057373,
      3.402233839035034,
      1.509289264678955,
      0.958111584186554,
      0.34428730607032776,
      0.30046820640563965,
      0.27199697494506836,
      0.29841023683547974,
      0.37198859453201294,
      0.46849024295806885,
      0.33689406514167786,
      0.27644309401512146,
      0.34374818205833435,
      0.44585439562797546,
      0.4305071532726288,
      0.43008092045783997,
      0.3775753080844879,
      0.4300951361656189,
      0.38099074363708496,
      0.38168641924858093,
      0.4588448703289032
    ],
    "threshold": 2.9264588356018066,
    "predictions": [
      0,
      0,
      0,
      0,
      0,
      0,
      1,
      1,
      0,
      0,
      0,
      0,
      0,
      0,
      0,
      0,
      0,
      0,
      0,
      0,
      0,
      0,
      0,
      0,
      0,
      0,
      0
    ],
    "metrics": {
      "accuracy": 0.7407407407407407,
      "precision": 0.8133333333333334,
      "recall": 0.7407407407407407,
      "f1": 0.6793516560958421
    },
    "confusion_matrix": [
      [
        18,
        0
      ],
      [
        7,
        2
      ]
    ]
  },
  "LSTM": {
    "model_name": "LSTM",
    "reconstruction_error": [
      0.0018160303588956594,
      10.339344024658203,
      6.954018592834473,
      1.0348902940750122,
      1.3380870819091797,
      8.953206062316895,
      5.063981533050537,
      8.50754165649414,
      0.03160230815410614,
      0.04829375818371773,
      0.6384754180908203,
      0.14720173180103302,
      0.4054962992668152,
      0.6900202631950378,
      0.606713593006134,
      0.13437402248382568,
      0.13916531205177307,
      0.0364510603249073,
      1.2511060237884521,
      1.8180086612701416,
      1.0923044681549072,
      0.4081541895866394,
      0.04395611956715584,
      0.1094667911529541,
      0.13123758137226105,
      0.052996955811977386,
      0.21269570291042328
    ],
    "threshold": 8.819506645202637,
    "predictions": [
      0,
      1,
      0,
      0,
      0,
      1,
      0,
      0,
      0,
      0,
      0,
      0,
      0,
      0,
      0,
      0,
      0,
      0,
      0,
      0,
      0,
      0,
      0,
      0,
      0,
      0,
      0
    ],
    "metrics": {
      "accuracy": 0.7407407407407407,
      "precision": 0.8133333333333334,
      "recall": 0.7407407407407407,
      "f1": 0.6793516560958421
    },
    "confusion_matrix": [
      [
        18,
        0
      ],
      [
        7,
        2
      ]
    ]
  }
}