{
  "timestamp": "2026-06-19T13:35:54.495462",
  "total_models": 5,
  "models": {
    "RandomForest": {
      "metrics": {
        "accuracy": 0.9629629629629629,
        "precision": 0.9666666666666667,
        "recall": 0.9629629629629629,
        "f1": 0.9634085213032579,
        "roc_auc": 1.0
      },
      "confusion_matrix": [
        [
          17,
          1
        ],
        [
          0,
          9
        ]
      ]
    },
    "IsolationForest": {
      "metrics": {
        "accuracy": 0.037037037037037035,
        "precision": 0.017543859649122806,
        "recall": 0.037037037037037035,
        "f1": 0.023809523809523808
      },
      "confusion_matrix": [
        [
          0,
          0,
          0
        ],
        [
          0,
          0,
          18
        ],
        [
          8,
          0,
          1
        ]
      ]
    },
    "OneClassSVM": {
      "metrics": {
        "accuracy": 0.0,
        "precision": 0.0,
        "recall": 0.0,
        "f1": 0.0
      },
      "confusion_matrix": [
        [
          0,
          0,
          0
        ],
        [
          18,
          0,
          0
        ],
        [
          9,
          0,
          0
        ]
      ]
    },
    "Autoencoder": {
      "metrics": {
        "accuracy": 0.7407407407407407,
        "precision": 0.8133333333333334,
        "recall": 0.7407407407407407,
        "f1": 0.6793516560958421
      },
      "confusion_matrix": [
        [
          18,
          0
        ],
        [
          7,
          2
        ]
      ]
    },
    "LSTM": {
      "metrics": {
        "accuracy": 0.7407407407407407,
        "precision": 0.8133333333333334,
        "recall": 0.7407407407407407,
        "f1": 0.6793516560958421
      },
      "confusion_matrix": [
        [
          18,
          0
        ],
        [
          7,
          2
        ]
      ]
    }
  }
}