{
  "timestamp": "2026-06-17T15:35:26.563150",
  "total_models": 5,
  "models": {
    "RandomForest": {
      "metrics": {
        "accuracy": 1.0,
        "precision": 1.0,
        "recall": 1.0,
        "f1": 1.0,
        "roc_auc": 1.0
      },
      "confusion_matrix": [
        [
          18,
          0
        ],
        [
          0,
          9
        ]
      ]
    },
    "IsolationForest": {
      "metrics": {
        "accuracy": 0.14814814814814814,
        "precision": 0.06060606060606061,
        "recall": 0.14814814814814814,
        "f1": 0.08602150537634408
      },
      "confusion_matrix": [
        [
          0,
          0,
          0
        ],
        [
          0,
          0,
          18
        ],
        [
          5,
          0,
          4
        ]
      ]
    },
    "OneClassSVM": {
      "metrics": {
        "accuracy": 0.0,
        "precision": 0.0,
        "recall": 0.0,
        "f1": 0.0
      },
      "confusion_matrix": [
        [
          0,
          0,
          0
        ],
        [
          8,
          0,
          10
        ],
        [
          9,
          0,
          0
        ]
      ]
    },
    "Autoencoder": {
      "metrics": {
        "accuracy": 0.7407407407407407,
        "precision": 0.8133333333333334,
        "recall": 0.7407407407407407,
        "f1": 0.6793516560958421
      },
      "confusion_matrix": [
        [
          18,
          0
        ],
        [
          7,
          2
        ]
      ]
    },
    "LSTM": {
      "metrics": {
        "accuracy": 0.7407407407407407,
        "precision": 0.8133333333333334,
        "recall": 0.7407407407407407,
        "f1": 0.6793516560958421
      },
      "confusion_matrix": [
        [
          18,
          0
        ],
        [
          7,
          2
        ]
      ]
    }
  }
}