{
  "timestamp": "2026-06-18T09:05:59.708739",
  "total_models": 5,
  "models": {
    "RandomForest": {
      "metrics": {
        "accuracy": 1.0,
        "precision": 1.0,
        "recall": 1.0,
        "f1": 1.0,
        "roc_auc": 1.0
      },
      "confusion_matrix": [
        [
          18,
          0
        ],
        [
          0,
          9
        ]
      ]
    },
    "IsolationForest": {
      "metrics": {
        "accuracy": 0.0,
        "precision": 0.0,
        "recall": 0.0,
        "f1": 0.0
      },
      "confusion_matrix": [
        [
          0,
          0,
          0
        ],
        [
          5,
          0,
          13
        ],
        [
          9,
          0,
          0
        ]
      ]
    },
    "OneClassSVM": {
      "metrics": {
        "accuracy": 0.0,
        "precision": 0.0,
        "recall": 0.0,
        "f1": 0.0
      },
      "confusion_matrix": [
        [
          0,
          0,
          0
        ],
        [
          6,
          0,
          12
        ],
        [
          9,
          0,
          0
        ]
      ]
    },
    "Autoencoder": {
      "metrics": {
        "accuracy": 0.7407407407407407,
        "precision": 0.8133333333333334,
        "recall": 0.7407407407407407,
        "f1": 0.6793516560958421
      },
      "confusion_matrix": [
        [
          18,
          0
        ],
        [
          7,
          2
        ]
      ]
    },
    "LSTM": {
      "metrics": {
        "accuracy": 0.7407407407407407,
        "precision": 0.8133333333333334,
        "recall": 0.7407407407407407,
        "f1": 0.6793516560958421
      },
      "confusion_matrix": [
        [
          18,
          0
        ],
        [
          7,
          2
        ]
      ]
    }
  }
}