{
  "features": {
    "vibration": {
      "mean": 60.68839298346348,
      "std": 23.640971413402376,
      "min": 13.991926395367706,
      "max": 153.12168521763704,
      "median": 53.60202401271093,
      "q25": 45.894984029376616,
      "q75": 65.32271061682164,
      "null_count": 0,
      "dtype": "float64"
    }
  },
  "computed_at": "2026-06-17T15:00:06.063494",
  "total_samples": 991
}