{
  "L-DSF-01": {
    "mean": -1.977523655434787e-06,
    "std": 0.005675832547174853
  },
  "L-EF-04": {
    "mean": 8.222923065476303e-08,
    "std": 0.006347239187006347
  },
  "L-SF-04": {
    "mean": -2.630820970238051e-07,
    "std": 0.0067117124887968865
  },
  "R-EF-05": {
    "mean": -2.201709226700681e-06,
    "std": 0.00809892026341843
  },
  "L-EF-02": {
    "mean": -1.0538300514705849e-06,
    "std": 0.006361149919636724
  },
  "L-PAC-01": {
    "mean": -1.157051711827956e-06,
    "std": 0.006445761708314193
  },
  "L-SF-01": {
    "mean": -3.8166872326389007e-07,
    "std": 0.003724279551935663
  },
  "L-SF-02": {
    "mean": -6.850854388888856e-07,
    "std": 0.0038402459193319378
  },
  "R-CAHU-01R": {
    "mean": 3.95201898731884e-06,
    "std": 0.009444113591132277
  },
  "R-SF-01": {
    "mean": -3.4244596348039174e-07,
    "std": 0.003099814427883451
  }
}