{
  "features": {
    "vibration": {
      "mean": 0.00059960040946618,
      "std": 0.04659966435890478,
      "min": -0.3084415814742124,
      "max": 0.2623984857772986,
      "median": -0.00011275138913304999,
      "q25": -0.00849281634459295,
      "q75": 0.008367132548296324,
      "null_count": 0,
      "dtype": "float64"
    }
  },
  "computed_at": "2026-06-17T15:31:28.501154",
  "total_samples": 4990
}