{
  "model_name": "RandomForest",
  "timestamp": "2026-06-19T13:35:54.496474",
  "metrics": {
    "accuracy": 0.9629629629629629,
    "precision": 0.9666666666666667,
    "recall": 0.9629629629629629,
    "f1": 0.9634085213032579,
    "roc_auc": 1.0
  },
  "confusion_matrix": [
    [
      17,
      1
    ],
    [
      0,
      9
    ]
  ],
  "predictions_count": 27,
  "files": {
    "confusion_matrix_plot": "cm_RandomForest.png",
    "roc_curve_plot": "roc_RandomForest.png"
  },
  "probabilities": {
    "shape": [
      27,
      2
    ],
    "min": 0.0,
    "max": 1.0,
    "mean": 0.5
  }
}