{
  "model_name": "Autoencoder",
  "timestamp": "2026-06-10T17:11:02.350856",
  "metrics": {
    "accuracy": 0.7407407407407407,
    "precision": 0.8133333333333334,
    "recall": 0.7407407407407407,
    "f1": 0.6793516560958421
  },
  "confusion_matrix": [
    [
      18,
      0
    ],
    [
      7,
      2
    ]
  ],
  "predictions_count": 27,
  "files": {
    "confusion_matrix_plot": "cm_Autoencoder.png",
    "roc_curve_plot": "roc_Autoencoder.png"
  },
  "reconstruction_error": {
    "threshold": 3.1648428440093994,
    "min": 0.2707618474960327,
    "max": 3.6203811168670654,
    "mean": 1.0794838666915894,
    "std": 1.038231611251831,
    "percentile_95": 3.1648428440093994
  }
}