{
  "model_name": "LSTM",
  "timestamp": "2026-06-10T17:11:02.352661",
  "metrics": {
    "accuracy": 0.7407407407407407,
    "precision": 0.8133333333333334,
    "recall": 0.7407407407407407,
    "f1": 0.6793516560958421
  },
  "confusion_matrix": [
    [
      18,
      0
    ],
    [
      7,
      2
    ]
  ],
  "predictions_count": 27,
  "files": {
    "confusion_matrix_plot": "cm_LSTM.png",
    "roc_curve_plot": "roc_LSTM.png"
  },
  "reconstruction_error": {
    "threshold": 8.536164283752441,
    "min": 1.4719743376190308e-05,
    "max": 10.92834186553955,
    "mean": 1.8973846435546875,
    "std": 3.053504705429077,
    "percentile_95": 8.536164283752441
  }
}