{
  "model_name": "Autoencoder",
  "timestamp": "2026-06-18T09:05:59.711739",
  "metrics": {
    "accuracy": 0.7407407407407407,
    "precision": 0.8133333333333334,
    "recall": 0.7407407407407407,
    "f1": 0.6793516560958421
  },
  "confusion_matrix": [
    [
      18,
      0
    ],
    [
      7,
      2
    ]
  ],
  "predictions_count": 27,
  "files": {
    "confusion_matrix_plot": "cm_Autoencoder.png",
    "roc_curve_plot": "roc_Autoencoder.png"
  },
  "reconstruction_error": {
    "threshold": 0.7627885341644287,
    "min": 0.055135343223810196,
    "max": 0.8146641254425049,
    "mean": 0.2572583556175232,
    "std": 0.2539847493171692,
    "percentile_95": 0.7627885341644287
  }
}