{
  "model_name": "Autoencoder",
  "timestamp": "2026-06-19T13:35:54.500471",
  "metrics": {
    "accuracy": 0.7407407407407407,
    "precision": 0.8133333333333334,
    "recall": 0.7407407407407407,
    "f1": 0.6793516560958421
  },
  "confusion_matrix": [
    [
      18,
      0
    ],
    [
      7,
      2
    ]
  ],
  "predictions_count": 27,
  "files": {
    "confusion_matrix_plot": "cm_Autoencoder.png",
    "roc_curve_plot": "roc_Autoencoder.png"
  },
  "reconstruction_error": {
    "threshold": 37.11498260498047,
    "min": 3.1867504119873047,
    "max": 46.919647216796875,
    "mean": 13.10647201538086,
    "std": 12.193916320800781,
    "percentile_95": 37.11498260498047
  }
}