{
  "model_name": "LSTM",
  "timestamp": "2026-06-18T09:05:59.713739",
  "metrics": {
    "accuracy": 0.7407407407407407,
    "precision": 0.8133333333333334,
    "recall": 0.7407407407407407,
    "f1": 0.6793516560958421
  },
  "confusion_matrix": [
    [
      18,
      0
    ],
    [
      7,
      2
    ]
  ],
  "predictions_count": 27,
  "files": {
    "confusion_matrix_plot": "cm_LSTM.png",
    "roc_curve_plot": "roc_LSTM.png"
  },
  "reconstruction_error": {
    "threshold": 1.3852120637893677,
    "min": 0.0030268828850239515,
    "max": 1.4251761436462402,
    "mean": 0.30936723947525024,
    "std": 0.4433181583881378,
    "percentile_95": 1.3852120637893677
  }
}