{
  "model_name": "Autoencoder",
  "timestamp": "2026-06-17T15:35:26.568150",
  "metrics": {
    "accuracy": 0.7407407407407407,
    "precision": 0.8133333333333334,
    "recall": 0.7407407407407407,
    "f1": 0.6793516560958421
  },
  "confusion_matrix": [
    [
      18,
      0
    ],
    [
      7,
      2
    ]
  ],
  "predictions_count": 27,
  "files": {
    "confusion_matrix_plot": "cm_Autoencoder.png",
    "roc_curve_plot": "roc_Autoencoder.png"
  },
  "reconstruction_error": {
    "threshold": 2.9264588356018066,
    "min": 0.27199697494506836,
    "max": 3.402233839035034,
    "mean": 1.0630158185958862,
    "std": 0.9956355690956116,
    "percentile_95": 2.9264588356018066
  }
}