{
  "model_name": "LSTM",
  "timestamp": "2026-06-19T13:35:54.502473",
  "metrics": {
    "accuracy": 0.7407407407407407,
    "precision": 0.8133333333333334,
    "recall": 0.7407407407407407,
    "f1": 0.6793516560958421
  },
  "confusion_matrix": [
    [
      18,
      0
    ],
    [
      7,
      2
    ]
  ],
  "predictions_count": 27,
  "files": {
    "confusion_matrix_plot": "cm_LSTM.png",
    "roc_curve_plot": "roc_LSTM.png"
  },
  "reconstruction_error": {
    "threshold": 63.27622985839844,
    "min": 0.08426281809806824,
    "max": 128.52406311035156,
    "mean": 17.542728424072266,
    "std": 27.304826736450195,
    "percentile_95": 63.27622985839844
  }
}