{
  "model_name": "LSTM",
  "timestamp": "2026-06-17T15:35:26.570149",
  "metrics": {
    "accuracy": 0.7407407407407407,
    "precision": 0.8133333333333334,
    "recall": 0.7407407407407407,
    "f1": 0.6793516560958421
  },
  "confusion_matrix": [
    [
      18,
      0
    ],
    [
      7,
      2
    ]
  ],
  "predictions_count": 27,
  "files": {
    "confusion_matrix_plot": "cm_LSTM.png",
    "roc_curve_plot": "roc_LSTM.png"
  },
  "reconstruction_error": {
    "threshold": 8.819506645202637,
    "min": 0.0018160303588956594,
    "max": 10.339344024658203,
    "mean": 1.8589112758636475,
    "std": 3.0477280616760254,
    "percentile_95": 8.819506645202637
  }
}